file,line,text
src/StudentApp.tsx,53,"name: '×™×•×¡×£ ×›×”×Ÿ',"
src/StudentApp.tsx,60,"name: '××¨×™× ×œ×•×™',"
src/StudentApp.tsx,67,"name: '××—××“ ×¢×œ×™',"
src/StudentApp.tsx,77,"title: 'Trip ×œ×™×¨×•×©×œ×™×',"
src/StudentApp.tsx,78,"description: 'Trip ××•×“×¨×š ×‘×¢×™×¨ ×”×¢×ª×™×§×” ×•×”×›×•×ª×œ ×”××¢×¨×‘×™. ×›×•×œ×œ ××¨×•×—×ª ×¦×”×¨×™×™× ×•××“×¨×™×š ××§×¦×•×¢×™.',"
src/StudentApp.tsx,80,"location: 'Jerusalem - ×¢×™×¨ ×¢×ª×™×§×”',"
src/StudentApp.tsx,89,"title: '×¡×™×•×¨ ×‘××•×–×™××•×Ÿ ×”×˜×‘×¢',"
src/StudentApp.tsx,90,"description: '×¡×™×•×¨ ××•×“×¨×š ×‘××•×–×™××•×Ÿ ×”×˜×‘×¢ ×”×¢×‘×¨×™ ×¢× ×”×¨×¦××” ××™×•×—×“×ª ×¢×œ ×”×—×™ ×•×”×¦×•××— ×‘×™×©×¨××œ.',"
src/StudentApp.tsx,92,"location: '×ª×œ ××‘×™×‘ - ××•×–×™××•×Ÿ ×”×˜×‘×¢',"
src/StudentApp.tsx,100,"title: 'Trip ×œ×—×™×¤×” ×•×”×›×¨××œ',"
src/StudentApp.tsx,101,"description: '×™×•× ×©×œ ×—×§×¨ Haifa: ×”×’× ×™× ×”×‘×”××™×™×, × ××œ Haifa ×•× ×§×•×“×•×ª ×ª×¦×¤×™×ª ×¢×œ the Carmel.',"
src/StudentApp.tsx,103,"location: 'Haifa - ×”×’× ×™× ×”×‘×”××™×™×',"
src/StudentApp.tsx,113,"description: '×œ××“×• ×œ×”×›×™×Ÿ Falafel ×‘×™×ª×™ ××•×ª× ×˜×™ ×¢× ×©×£ ××§×¦×•×¢×™. ×›×•×œ×œ ××¨×•×—×” ×•×—×•××¨×™ ×’×œ×.',"
src/StudentApp.tsx,115,"location: 'Center Community ×”×“×¨',"
src/StudentApp.tsx,135,"title: 'Trip ×œ×™×¨×•×©×œ×™× Approved',"
src/StudentApp.tsx,136,"message: '×”×¨×©××ª×š ×œ×˜×™×•×œ ×œ×™×¨×•×©×œ×™× ××•×©×¨×”. ×”×˜×™×•×œ ×™×ª×§×™×™× ×‘-15/12/2024 ×‘Time 09:00',"
src/StudentApp.tsx,144,"message: '×™×© ×œ×š ×—×™×•×‘ ×¤×ª×•×— ×©×œ 150 ×©""×— ×¢×‘×•×¨ ××™ ×”×’×¢×” ×œ×¡×™×•×¨ ×‘××•×–×™××•×Ÿ ×”×˜×‘×¢',"
src/StudentApp.tsx,152,"message: '× ×¤×ª×— Trip ×—×“×© ×œ×—×™×¤×” ×•×”×›×¨××œ. Limited seats - Register now!',"
src/StudentApp.tsx,202,toast.success(`× ×¨×©××ª ×‘×”×¦×œ×—×” ×œ-${event.title}`);
src/StudentApp.tsx,208,"message: `× ×¨×©××ª ×‘×”×¦×œ×—×” ×œ-${event.title}. Pending ×œConfirm ×”××—×œ×§×”.`,"
src/StudentApp.tsx,225,toast.error('×œ× × ×™×ª×Ÿ ×œ×‘×˜×œ ×¤×—×•×ª ××™×•××™×™× ×œ×¤× ×™ ×”×˜×™×•×œ. ×ª×—×•×™×‘ ×‘××œ×•× ×”×¡×›×•×.');
src/StudentApp.tsx,236,toast.success(`×”×¨×©××ª×š ×œ-${event.title} ×‘×•×˜×œ×” ×‘×”×¦×œ×—×”`);
src/StudentApp.tsx,309,Pending ×œConfirm
src/StudentApp.tsx,330,Enter ×œ××¢×¨×›×ª
src/StudentApp.tsx,342,"<SelectValue placeholder=""Select ××ª ×©××š"" />"
src/StudentApp.tsx,354,×‘××¢×¨×›×ª ×××™×ª×™×ª ×ª×ª×—×‘×¨ ×¢× Name ××©×ª××© ×•×¡×™×¡××”
src/StudentApp.tsx,396,"×™×© ×œ×š {unreadNotifications} Messages ×—×“×©×•×ª. ×œ×—×¥ ×¢×œ ×”×œ×©×•× ×™×ª ""Messages"" ×œ×§×¨× ××•×ª×Ÿ."
src/StudentApp.tsx,406,×™×© ×œ×š ×—×•×‘ ×©×œ {Math.abs(currentStudent.balance).toLocaleString()} â‚ª. ×× × ×¤× ×” ×œ××—×œ×§×” ×œ×™×™×©×•×‘ ×”×—×•×‘.
src/StudentApp.tsx,418,"<span className=""sm:hidden"">×˜×™×•×œ×™×</span>"
src/StudentApp.tsx,430,"<span className=""hidden sm:inline"">×˜×™×•×œ×™× Available</span>"
src/StudentApp.tsx,477,"<span className=""text-xs md:text-sm"">×˜×™×•×œ×™×</span>"
src/StudentApp.tsx,501,"<h2 className=""text-lg md:text-xl"">×˜×™×•×œ×™× Available</h2>"
src/StudentApp.tsx,557,left ×¤×—×•×ª ××™×•××™×™× ×œ×˜×™×•×œ. Cancel ××”×™×•× ×™×—×•×™×‘ ×‘××œ×•× ×”×¡×›×•× ({formatPrice(event.price)})
src/StudentApp.tsx,569,{eventStatus?.isFull ? '×”×˜×™×•×œ Full' : 'Register now'}
src/StudentApp.tsx,578,{!eventStatus?.canCancel ? '×œ× × ×™×ª×Ÿ ×œ×‘×˜×œ' : 'Cancel Registration'}
src/StudentApp.tsx,597,××ª×” ×œ× ×¨×©×•× ×œ××£ Trip ×›×¨×’×¢
src/StudentApp.tsx,631,<span>× ×¨×©××ª ×‘-{new Date(registration.registrationDate).toLocaleDateString('en-IL')}</span>
src/StudentApp.tsx,649,×”×©×ª×ª×¤×ª ×‘×˜×™×•×œ ×–×”
src/StudentApp.tsx,654,×œ× ×”×©×ª×ª×¤×ª ×‘×˜×™×•×œ ×–×” - ×—×•×™×‘×ª ×‘××œ×•× ×”×¡×›×•×
src/StudentApp.tsx,671,"<h2 className=""text-lg md:text-xl"">Messages ({unreadNotifications} ×—×“×©×•×ª)</h2>"
src/StudentApp.tsx,701,"<Badge variant=""secondary"" className=""text-xs"">×—×“×©</Badge>"
src/StudentApp.tsx,718,"<h2 className=""text-lg md:text-xl"">Balance ×•×—×™×•×‘×™×</h2>"
src/StudentApp.tsx,723,<span>Balance × ×•×›×—×™×ª</span>
src/StudentApp.tsx,734,×™×© ×œ×š ×—×•×‘ ×©×œ {Math.abs(currentStudent.balance).toLocaleString()} â‚ª.
src/StudentApp.tsx,735,×× × ×¤× ×” ×œ××—×œ×§×ª ×”×œ×™××•×“×™× ×”×‘×™× ×œ××•××™×™× ×œ×™×™×©×•×‘ ×”×—×•×‘.
src/StudentApp.tsx,744,×™×© ×œ×š ×–×›×•×ª ×©×œ {currentStudent.balance.toLocaleString()} â‚ª.
src/StudentApp.tsx,745,×”×–×›×•×ª ×ª× ×•×›×” ××”×˜×™×•×œ×™× ×”×‘××™× ××• ×©× ×™×ª×Ÿ ×œ×§×‘×œ ×”×—×–×¨.
src/StudentApp.tsx,792,? '×”×©×ª×ª×¤×ª'
src/StudentApp.tsx,793,: '×œ× ×”×©×ª×ª×¤×ª'
src/StudentApp.tsx,794,: 'Trip ×¢×ª×™×“×™'
src/AppSelector.tsx,40,××¦×‘ student
src/AppSelector.tsx,61,××¢×¨×›×ª × ×™×”×•×œ ×˜×™×•×œ×™×
src/AppSelector.tsx,76,"<CardTitle className=""text-xl"">××¤×œ×™×§×¦×™×™×ª ×”×× ×”×œ</CardTitle>"
src/AppSelector.tsx,78,×œ×¦×•×•×ª ×”××—×œ×§×”
src/AppSelector.tsx,83,"× ×™×”×•×œ Full ×©×œ ×”××¢×¨×›×ª: Students, Events, Registrations ×•Attendance"
src/AppSelector.tsx,87,<span>× ×™×”×•×œ Students</span>
src/AppSelector.tsx,91,<span>×™×¦×™×¨×ª Events</span>
src/AppSelector.tsx,95,<span>× ×™×”×•×œ Registrations</span>
src/AppSelector.tsx,99,<span>××¢×§×‘ Attendance</span>
src/AppSelector.tsx,103,<span>Reports ×•×ª×©×œ×•××™×</span>
src/AppSelector.tsx,111,Enter ×œ××¢×¨×›×ª × ×™×”×•×œ
src/AppSelector.tsx,124,"<CardTitle className=""text-xl"">××¤×œ×™×§×¦×™×™×ª ×”×¡×˜×•×“× ×˜</CardTitle>"
src/AppSelector.tsx,126,×œStudents
src/AppSelector.tsx,131,"×¨×™×©×•× ×œ×˜×™×•×œ×™×, ××¢×§×‘ ××—×¨ Balance ×•×ª×–×›×•×¨×•×ª ××™×©×™×•×ª"
src/AppSelector.tsx,135,<span>×¦×¤×™×™×” ×‘×˜×™×•×œ×™× Available</span>
src/AppSelector.tsx,139,<span>Registration ×•Cancel</span>
src/AppSelector.tsx,143,<span>××¢×§×‘ Balance</span>
src/AppSelector.tsx,147,<span>Messages ×•×”×ª×¨××•×ª</span>
src/AppSelector.tsx,160,Enter ×›×¡×˜×•×“× ×˜
src/AppSelector.tsx,169,ğŸ’¡ <strong>×”×“×’××”:</strong> ×©×ª×™ ×”××¤×œ×™×§×¦×™×•×ª ××©×ª××©×•×ª ×‘××•×ª× × ×ª×•× ×™ ×“××•.
src/AppSelector.tsx,170,×‘××¢×¨×›×ª ×××™×ª×™×ª ×”×Ÿ ×™×ª×—×‘×¨×• ×œ××•×ª×” ××¡×“ × ×ª×•× ×™× ×•×™×¢×‘×“×• ×‘×¡×™× ×›×¨×•×Ÿ Full.
src/MainApp.tsx,33,"name: '×™×•×¡×£ ×›×”×Ÿ',"
src/MainApp.tsx,40,"name: '××¨×™× ×œ×•×™',"
src/MainApp.tsx,47,"name: '××—××“ ×¢×œ×™',"
src/MainApp.tsx,57,"title: 'Trip ×œ×™×¨×•×©×œ×™×',"
src/MainApp.tsx,58,"description: 'Trip ××•×“×¨×š ×‘×¢×™×¨ ×”×¢×ª×™×§×” ×•×”×›×•×ª×œ ×”××¢×¨×‘×™',"
src/MainApp.tsx,60,"location: 'Jerusalem - ×¢×™×¨ ×¢×ª×™×§×”',"
src/MainApp.tsx,69,"title: '×¡×™×•×¨ ×‘××•×–×™××•×Ÿ ×”×˜×‘×¢',"
src/MainApp.tsx,70,"description: '×¡×™×•×¨ ××•×“×¨×š ×‘××•×–×™××•×Ÿ ×”×˜×‘×¢ ×”×¢×‘×¨×™',"
src/MainApp.tsx,72,"location: '×ª×œ ××‘×™×‘ - ××•×–×™××•×Ÿ ×”×˜×‘×¢',"
src/MainApp.tsx,220,toast.success(`×“×•×— Attendance × Send ×œ-${email} ×¢× ×¤×¨×˜×™ ${report.absentStudents?.length || 0} Students ×©No-show×•`);
src/MainApp.tsx,232,toast.success(`Message × Send×” ×œ-${absentStudents.length} Students ×©No-show×•`);
src/MainApp.tsx,256,"<span className=""hidden sm:inline"">××¢×¨×›×ª × ×™×”×•×œ ×˜×™×•×œ×™× - ×œ×™××•×“×™× ×‘×™× ×œ××•××™×™×</span>"
src/MainApp.tsx,257,"<span className=""sm:hidden"">× ×™×”×•×œ ×˜×™×•×œ×™×</span>"
src/MainApp.tsx,271,×™×© {eventsNeedingAttention} ×˜×™×•×œ×™× ×©×–×§×•×§×™× ×œ×ª×©×•××ª ×œ×‘
src/MainApp.tsx,274,"×˜×™×•×œ×™× ×”××ª×—×™×œ×™× ×‘×¢×•×“ ×©×‘×•×¢×™×™× ××• ×¤×—×•×ª ×¢× ×¤×—×•×ª ×-15 × ×¨×©××™×. ×œ×—×¥ ×¢×œ ×œ×©×•× ×™×ª ""Events"" ×œ×¤×¨×˜×™× × ×•×¡×¤×™×."
src/MainApp.tsx,288,"<span className=""sm:hidden"">×¡×˜×•×“'</span>"
src/MainApp.tsx,300,"<span className=""hidden sm:inline"">Events ×¢×ª×™×“×™×™×</span>"
src/MainApp.tsx,313,"<span className=""hidden sm:inline"">×–×›×•×ª (â‚ª)</span>"
src/MainApp.tsx,314,"<span className=""sm:hidden"">×–×›×•×ª</span>"
src/MainApp.tsx,326,"<span className=""hidden sm:inline"">×—×•×‘×•×ª (â‚ª)</span>"
src/MainApp.tsx,327,"<span className=""sm:hidden"">×—×•×‘×•×ª</span>"
src/MainApp.tsx,385,"<CardTitle className=""text-base md:text-lg"">Select Event ×œ× ×™×”×•×œ Registrations</CardTitle>"
src/MainApp.tsx,405,"No Events ×¢×ª×™×“×™×™×. ×¦×•×¨ Event ×—×“×© ×‘×œ×©×•× ×™×ª ""Events""."
src/MainApp.tsx,429,"<CardTitle className=""text-base md:text-lg"">Select Event ×œ× ×™×”×•×œ Attendance</CardTitle>"
src/MainApp.tsx,448,{event.status === 'upcoming' ? '×¢×ª×™×“' :
src/MainApp.tsx,449,event.status === 'ongoing' ? '××ª×¨×—×© ×›×¢×ª' : '×”×¡×ª×™×™×'}
src/MainApp.tsx,456,"No Events ×‘××¢×¨×›×ª. ×¦×•×¨ Event ×—×“×© ×‘×œ×©×•× ×™×ª ""Events""."
src/components/StudentManagement.tsx,50,toast.error('Name ×•Email ×”× ×©×“×•×ª ×—×•×‘×”');
src/components/StudentManagement.tsx,83,if (confirm(`×”×× ××ª×” ×‘×˜×•×— ×©×‘×¨×¦×•× ×š ×œ××—×•×§ ××ª ${student.name}?`)) {
src/components/StudentManagement.tsx,85,toast.success('student × Delete ×‘×”×¦×œ×—×”');
src/components/StudentManagement.tsx,119,toast.success(`Found ${studentsData.length} Students ×‘×§×•×‘×¥`);
src/components/StudentManagement.tsx,121,toast.error('×©×’×™××” ×‘×§×¨×™××ª ×”×§×•×‘×¥. ×× × ×•×“× ×©×”×§×•×‘×¥ ×ª×§×™×Ÿ');
src/components/StudentManagement.tsx,142,toast.success(`${addedCount} Students × ×•×¡×¤×• ×‘×”×¦×œ×—×”`);
src/components/StudentManagement.tsx,158,"<h2 className=""text-lg md:text-xl"">× ×™×”×•×œ Students</h2>"
src/components/StudentManagement.tsx,164,"<span className=""hidden sm:inline"">×”×•×¡×£ student</span>"
src/components/StudentManagement.tsx,165,"<span className=""sm:hidden"">×”×•×¡×£</span>"
src/components/StudentManagement.tsx,171,{editingStudent ? '×¢×¨×™×›×ª student' : '×”×•×¡×¤×ª student ×—×“×©'}
src/components/StudentManagement.tsx,217,{editingStudent ? '×¢×“×›×Ÿ' : '×”×•×¡×£'}
src/components/StudentManagement.tsx,258,×ª×¦×•×’×” ××§×“×™××” - ×”×¢×œ××ª Students ×-Excel
src/components/StudentManagement.tsx,267,<p>×¢××•×“×” A: Full name</p>
src/components/StudentManagement.tsx,268,<p>×¢××•×“×” B: ×›×ª×•×‘×ª Email</p>
src/components/StudentManagement.tsx,269,<p>×¢××•×“×” C: ××¡×¤×¨ Phone (××•×¤×¦×™×•× ×œ×™)</p>
src/components/StudentManagement.tsx,270,<p>×¢××•×“×” D: Balance ×‘×©×§×œ×™× ×—×“×©×™× (××•×¤×¦×™×•× ×œ×™)</p>
src/components/StudentManagement.tsx,318,Confirm ×•×”×•×¡×£ Students
src/components/StudentManagement.tsx,337,No Students ×‘××¢×¨×›×ª. ×”×•×¡×£ ××ª ×”×¡×˜×•×“× ×˜ ×”×¨××©×•×Ÿ.
src/components/StudentManagement.tsx,382,"<span className=""ml-1 sm:hidden"">××—×™×§×”</span>"
src/components/EventManagement.tsx,55,"toast.error('Title, Date ×•Location ×”× ×©×“×•×ª ×—×•×‘×”');"
src/components/EventManagement.tsx,68,toast.success('×¤×¨×˜×™ ×”××™×¨×•×¢ ×¢×•×“×›× ×• ×‘×”×¦×œ×—×”');
src/components/EventManagement.tsx,71,toast.success('Event × ×•×¡×£ ×‘×”×¦×œ×—×”');
src/components/EventManagement.tsx,104,"if (confirm(`×”×× ××ª×” ×‘×˜×•×— ×©×‘×¨×¦×•× ×š ×œ××—×•×§ ××ª ×”××™×¨×•×¢ ""${event.title}""?`)) {"
src/components/EventManagement.tsx,106,toast.success('Event × Delete ×‘×”×¦×œ×—×”');
src/components/EventManagement.tsx,113,"return <Badge variant=""default"">×¢×ª×™×“</Badge>;"
src/components/EventManagement.tsx,115,"return <Badge variant=""secondary"">××ª×¨×—×© ×›×¢×ª</Badge>;"
src/components/EventManagement.tsx,117,"return <Badge variant=""outline"">×”×¡×ª×™×™×</Badge>;"
src/components/EventManagement.tsx,150,"<h2 className=""text-lg md:text-xl"">× ×™×”×•×œ Events ×•×˜×™×•×œ×™×</h2>"
src/components/EventManagement.tsx,155,"<span className=""hidden sm:inline"">×”×•×¡×£ Event</span>"
src/components/EventManagement.tsx,156,"<span className=""sm:hidden"">×”×•×¡×£</span>"
src/components/EventManagement.tsx,162,{editingEvent ? '×¢×¨×™×›×ª Event' : '×”×•×¡×¤×ª Event ×—×“×©'}
src/components/EventManagement.tsx,172,"placeholder=""×”×›× ×¡ Title Event"""
src/components/EventManagement.tsx,182,"placeholder=""×”×›× ×¡ Event description"""
src/components/EventManagement.tsx,187,"<Label htmlFor=""date"">Date ×•Time</Label>"
src/components/EventManagement.tsx,202,"placeholder=""×”×›× ×¡ Event location"""
src/components/EventManagement.tsx,207,"<Label htmlFor=""price"">Price (×©×§×œ×™× ×—×“×©×™×)</Label>"
src/components/EventManagement.tsx,218,"<Label htmlFor=""maxParticipants"">××¡×¤×¨ participants ××§×¡×™××œ×™ (××•×¤×¦×™×•× ×œ×™)</Label>"
src/components/EventManagement.tsx,227,"placeholder=""×œ×œ× ×”×’×‘×œ×”"""
src/components/EventManagement.tsx,233,{editingEvent ? '×¢×“×›×Ÿ' : '×”×•×¡×£'}
src/components/EventManagement.tsx,253,No Events ×‘××¢×¨×›×ª. ×”×•×¡×£ ××ª ×”××™×¨×•×¢ ×”×¨××©×•×Ÿ.
src/components/EventManagement.tsx,277,{statusInfo.isMinimumMet ? '××•×©×¨' : statusInfo.daysUntilEvent <= 14 && statusInfo.daysUntilEvent > 0 ? '×‘×‘×“×™×§×”' : '×¨×’×™×œ'}
src/components/EventManagement.tsx,300,"<span className=""ml-1 sm:hidden"">×¢×¨×•×š</span>"
src/components/EventManagement.tsx,330,? `Urgent: left ${statusInfo.daysUntilEvent} days ×•×¨×§ ${statusInfo.confirmedCount} registered (required 15)`
src/components/EventManagement.tsx,331,: `×¦×¨×™×š ×œ×‘×“×•×§: left ${statusInfo.daysUntilEvent} days ×•×¨×§ ${statusInfo.confirmedCount} registered ××ª×•×š 15 ×”× ×“×¨×©×™×`
src/components/EventManagement.tsx,366,{' '}(××™× ×™××•×: 15)
src/components/AttendanceManagement.tsx,111,`××™ ×”×’×¢×” ×œ××™×¨×•×¢: ${event.title}`
src/components/AttendanceManagement.tsx,115,toast.success(`${chargeRecords.length} Students ×—×•×™×‘×• ×‘×”×¦×œ×—×”`);
src/components/AttendanceManagement.tsx,120,toast.error('× ×“×¨×© ×œ×”×–×™×Ÿ ×›×ª×•×‘×ª Email');
src/components/AttendanceManagement.tsx,155,toast.success('×“×•×— ××¤×•×¨×˜ × Send ×‘×”×¦×œ×—×”');
src/components/AttendanceManagement.tsx,196,toast.error('× ×“×¨×© ×œ×”×–×™×Ÿ Message');
src/components/AttendanceManagement.tsx,206,toast.info('No Students ×©No-show×•');
src/components/AttendanceManagement.tsx,213,toast.success(`Message × Send×” ×œ-${absentStudents.length} Students ×©No-show×•`);
src/components/AttendanceManagement.tsx,222,"['Name', 'Email', 'Phone', 'Attendance', '×—×™×•×‘ (â‚ª)', '×”×¢×¨×•×ª'],"
src/components/AttendanceManagement.tsx,240,"excelData.push(['×¡×™×›×•× Attendance', '', '', '', '', '']);"
src/components/AttendanceManagement.tsx,246,"excelData.push(['×¡×”""×› registered:', registeredStudents.length, '', '', '', '']);"
src/components/AttendanceManagement.tsx,247,"excelData.push(['Arrived×•:', reportData.attendedCount, '', '', '', '']);"
src/components/AttendanceManagement.tsx,248,"excelData.push(['No-show×•:', reportData.absentCount, '', '', '', '']);"
src/components/AttendanceManagement.tsx,249,"excelData.push(['×¡×”""×› ×—×™×•×‘×™×:', `${formatCurrency(reportData.totalCharges)}`, '', '', '', '']);"
src/components/AttendanceManagement.tsx,256,"XLSX.utils.book_append_sheet(workbook, worksheet, '×“×•×— Attendance');"
src/components/AttendanceManagement.tsx,260,"const filename = `×“×•×—_Attendance_${event.title.replace(/[^\w\s]/gi, '')}_${eventDate}.xlsx`;"
src/components/AttendanceManagement.tsx,264,toast.success('×§×•×‘×¥ Excel Download ×‘×”×¦×œ×—×”');
src/components/AttendanceManagement.tsx,270,Message ×‘× ×•×’×¢ ×œ×˜×™×•×œ: ${event.title}
src/components/AttendanceManagement.tsx,273,××¦×˜×¢×¨×™× ×œ×¦×™×™×Ÿ ×©×œ× × ×¨×©××” ×”×’×¢×ª×š ×œ×˜×™×•×œ.
src/components/AttendanceManagement.tsx,275,"×‘×”×ª×× ×œ××“×™× ×™×•×ª ×”××—×œ×§×”, ×‘×’×™×Ÿ ××™ ×”×’×¢×” ×œ×˜×™×•×œ ×œ×œ× Cancel ××•×§×“×, ×—×©×‘×•× ×š ×™×—×•×™×‘ ×‘×¡×š ×©×œ ${formatCurrency(event.price)}."
src/components/AttendanceManagement.tsx,277,${event.price > 0 ? '× ×™×ª×Ÿ ×œ×¤× ×•×ª ×œ××—×œ×§×ª ×”×œ×™××•×“×™× ×”×‘×™× ×œ××•××™×™× ×‘× ×•×’×¢ ×œ×¢×¨×¢×•×¨ ×¢×œ ×”×—×™×•×‘ ×ª×•×š 7 days ××”×™×•×.' : ''}
src/components/AttendanceManagement.tsx,279,"×‘×‘×¨×›×”,"
src/components/AttendanceManagement.tsx,280,××—×œ×§×ª ×”×œ×™××•×“×™× ×”×‘×™× ×œ××•××™×™×
src/components/AttendanceManagement.tsx,281,××•× ×™×‘×¨×¡×™×˜×ª Haifa`;
src/components/AttendanceManagement.tsx,308,{event.status === 'ongoing' ? '××ª×¨×—×© ×›×¢×ª' : event.status}
src/components/AttendanceManagement.tsx,336,<CardTitle>×¨×©×™××ª participants</CardTitle>
src/components/AttendanceManagement.tsx,342,No Students ×¨×©×•××™× ×œ××™×¨×•×¢ ×–×”
src/components/AttendanceManagement.tsx,386,<span>×¡×™×›×•× Attendance</span>
src/components/AttendanceManagement.tsx,389,{reportData.absentCount} No-show×•
src/components/AttendanceManagement.tsx,398,"<div className=""text-xs md:text-sm text-muted-foreground"">Arrived×•</div>"
src/components/AttendanceManagement.tsx,402,"<div className=""text-xs md:text-sm text-muted-foreground"">No-show×•</div>"
src/components/AttendanceManagement.tsx,406,"<div className=""text-xs md:text-sm text-muted-foreground"">×¡×”""×› ×—×™×•×‘×™×</div>"
src/components/AttendanceManagement.tsx,410,{/* ×¨×©×™××ª ××™ ×©No-show */}
src/components/AttendanceManagement.tsx,414,Students ×©No-show×• ({reportData.absentStudents.length}):
src/components/AttendanceManagement.tsx,430,×™×—×•×™×‘ {record.charge.toLocaleString()} â‚ª
src/components/AttendanceManagement.tsx,439,{/* ×¨×©×™××ª ××™ ×©Arrived */}
src/components/AttendanceManagement.tsx,443,Students ×©Arrived×• ({reportData.attendedStudents.length}):
src/components/AttendanceManagement.tsx,470,"<span className=""hidden sm:inline"">×¢×‘×“ ×—×™×•×‘×™× ({reportData.totalCharges.toLocaleString()} â‚ª)</span>"
src/components/AttendanceManagement.tsx,471,"<span className=""sm:hidden"">×—×™×•×‘×™× ({reportData.totalCharges.toLocaleString()} â‚ª)</span>"
src/components/AttendanceManagement.tsx,478,"<span className=""hidden sm:inline"">Send ×“×•×— ×‘Email</span>"
src/components/AttendanceManagement.tsx,479,"<span className=""sm:hidden"">Send ×“×•×—</span>"
src/components/AttendanceManagement.tsx,484,"<DialogTitle className=""text-lg"">×©×œ×™×—×ª ×“×•×— Attendance</DialogTitle>"
src/components/AttendanceManagement.tsx,488,"<Label htmlFor=""reportEmail"">×›×ª×•×‘×ª Email ×œ×©×œ×™×—×ª ×”×“×•×—</Label>"
src/components/AttendanceManagement.tsx,498,×”×“×•×— ×™×›×œ×•×œ ×¤×¨×˜×™× ××œ××™× ×©×œ {reportData.absentCount} Students ×©No-show×•
src/components/AttendanceManagement.tsx,504,"<h4 className=""mb-3 font-medium"">×ª×¦×•×’×” ××§×“×™××” ×©×œ ×”×“×•×—:</h4>"
src/components/AttendanceManagement.tsx,513,<p><strong>×¡×™×›×•×:</strong></p>
src/components/AttendanceManagement.tsx,514,<p>â€¢ Arrived×•: {reportData.attendedCount} Students</p>
src/components/AttendanceManagement.tsx,515,<p>â€¢ No-show×•: {reportData.absentCount} Students</p>
src/components/AttendanceManagement.tsx,516,"<p>â€¢ ×¡×”""×› ×—×™×•×‘×™×: {reportData.totalCharges.toLocaleString()} â‚ª</p>"
src/components/AttendanceManagement.tsx,521,<p><strong>Students ×©No-show×•:</strong></p>
src/components/AttendanceManagement.tsx,525,{record.charge > 0 && ` (×™×—×•×™×‘ ${formatCurrency(record.charge)})`}
src/components/AttendanceManagement.tsx,533,<p><strong>Students ×©Arrived×•:</strong></p>
src/components/AttendanceManagement.tsx,546,Send ×“×•×—
src/components/AttendanceManagement.tsx,572,"<span className=""hidden sm:inline"">Message ×œ××™ ×©No-show ({reportData.absentCount})</span>"
src/components/AttendanceManagement.tsx,578,"<DialogTitle className=""text-lg"">×©×œ×™×—×ª Message ×œStudents ×©No-show×•</DialogTitle>"
src/components/AttendanceManagement.tsx,583,Message ×ª×™Send ×œ-{reportData.absentCount} Students ×©No-show×• ×œ×˜×™×•×œ
src/components/RegistrationManagement.tsx,52,×”× ×›× ××•×–×× ×™× ×œ×˜×™×•×œ: ${event.title}
src/components/RegistrationManagement.tsx,71,âš ï¸ Message ×—×©×•×‘×”:
src/components/RegistrationManagement.tsx,72,- ×™×© ×œ××©×¨ ×”×©×ª×ª×¤×•×ª ×¢×“ ×™×•××™×™× ×œ×¤× ×™ ×”Date
src/components/RegistrationManagement.tsx,73,- Cancel ×¢×“ ×™×•××™×™× ×œ×¤× ×™ - Free
src/components/RegistrationManagement.tsx,74,- Cancel ×¤×—×•×ª ××™×•××™×™× ×œ×¤× ×™ ××• ××™ ×”×’×¢×” - ×ª×—×•×™×‘×• ×‘××œ×•× ×”×¡×›×•×
src/components/RegistrationManagement.tsx,76,×× × ××©×¨×• ×”×©×ª×ª×¤×•×ª×›× ×‘×”×§×“× ×”××¤×©×¨×™.
src/components/RegistrationManagement.tsx,78,"×‘×‘×¨×›×”,"
src/components/RegistrationManagement.tsx,79,××—×œ×§×ª ×”×œ×™××•×“×™× ×”×‘×™× ×œ××•××™×™×`;
src/components/RegistrationManagement.tsx,94,××™×©×¨
src/components/RegistrationManagement.tsx,101,×‘×™×˜×œ
src/components/RegistrationManagement.tsx,132,toast.error('×™×© ×œ×‘×—×•×¨ ×œ×¤×—×•×ª student ××—×“');
src/components/RegistrationManagement.tsx,137,toast.error('×™×© ×œ×”×–×™×Ÿ Invitation message');
src/components/RegistrationManagement.tsx,145,toast.success(`×”×–×× ×•×ª × Send×• ×œ-${selectedStudents.length} Students`);
src/components/RegistrationManagement.tsx,175,"<span className=""hidden sm:inline"">Send ×”×–×× ×•×ª</span>"
src/components/RegistrationManagement.tsx,184,<span>{daysUntilEvent > 0 ? `${daysUntilEvent} days` : '×”×™×•×'} ×¢×“ ×”××™×¨×•×¢</span>
src/components/RegistrationManagement.tsx,203,{' '}registered (××™× ×™××•×: 15)
src/components/RegistrationManagement.tsx,221,? `âš ï¸ Urgent: left ${daysUntilEvent} days ×•×¨×§ ${confirmedStudents} registered ××ª×•×š 15 ×”× ×“×¨×©×™×`
src/components/RegistrationManagement.tsx,222,: `ğŸ“‹ ×”×˜×™×•×œ ×‘×‘×“×™×§×”: left ${daysUntilEvent} days ×•-${confirmedStudents} registered ××ª×•×š 15 ×”× ×“×¨×©×™× ×œConfirm ×”×˜×™×•×œ`
src/components/RegistrationManagement.tsx,232,âš ï¸ left ×¤×—×•×ª ××™×•××™×™× ×œ××™×¨×•×¢ - Cancel ××”×™×•× ×™×—×•×™×‘ ×‘××œ×•× ×”×¡×›×•×
src/components/RegistrationManagement.tsx,241,<CardTitle>×¡×˜×˜×™×¡×˜×™×§×•×ª Registrations</CardTitle>
src/components/RegistrationManagement.tsx,280,×ª×’×•×‘×”: {new Date(registrationStatus.responseDate).toLocaleDateString('en-IL')}
src/components/RegistrationManagement.tsx,365,Send ×”×–×× ×•×ª ({selectedStudents.length})
